date,visitors,orders,revenue,aov,top_category,is_festival
2023-11-19,10435,186,267260.04,1436.88,electronics,False
2023-11-20,9316,156,174911.03,1121.22,home,False
2023-11-21,7349,109,115953.81,1063.8,fashion,False
2023-11-22,7626,133,171524.52,1289.66,electronics,False
2023-11-23,7862,129,143177.64,1109.9,home,False
2023-11-24,8577,153,179887.71,1175.74,grocery,False
2023-11-25,16618,462,582496.89,1260.82,grocery,True
2023-11-26,15821,601,737896.64,1227.78,fashion,True
2023-11-27,13641,487,748384.98,1536.72,electronics,True
2023-11-28,15022,523,664608.42,1270.76,electronics,True
2023-11-29,12908,386,589557.03,1527.35,beauty,True
2023-11-30,16286,555,789090.91,1421.79,electronics,True
2023-12-01,9082,158,184393.78,1167.05,fashion,False
2023-12-02,10727,172,225587.75,1311.56,electronics,False
2023-12-03,11275,215,261130.75,1214.56,beauty,False
2023-12-04,9878,170,221164.7,1300.97,fashion,False
2023-12-05,9371,161,159018.8,987.69,electronics,False
2023-12-06,8829,166,195065.08,1175.09,beauty,False
2023-12-07,9403,201,183349.05,912.18,fashion,False
2023-12-08,9207,185,209995.09,1135.11,fashion,False
2023-12-09,10471,187,256456.18,1371.42,electronics,False
2023-12-10,11378,206,289966.09,1407.6,beauty,False
2023-12-11,8532,132,127696.86,967.4,home,False
2023-12-12,9412,171,181738.18,1062.8,electronics,False
2023-12-13,8763,129,170541.56,1322.03,beauty,False
2023-12-14,8438,181,286138.27,1580.87,grocery,False
2023-12-15,9663,194,247988.5,1278.29,grocery,False
2023-12-16,11184,214,295867.97,1382.56,grocery,False
2023-12-17,11220,181,267855.78,1479.87,home,False
2023-12-18,9935,194,205024.13,1056.83,beauty,False
2023-12-19,10360,189,201582.27,1066.57,grocery,False
2023-12-20,14352,515,831327.27,1614.23,fashion,True
2023-12-21,15571,556,712744.09,1281.91,grocery,True
2023-12-22,16123,528,901482.79,1707.35,fashion,True
2023-12-23,16539,581,737505.51,1269.37,grocery,True
2023-12-24,15478,504,887774.5,1761.46,beauty,True
2023-12-25,14896,536,1154375.95,2153.69,home,True
2023-12-26,15420,518,713048.28,1376.54,electronics,True
2023-12-27,15881,472,781357.31,1655.42,home,True
2023-12-28,10440,245,361745.46,1476.51,grocery,False
2023-12-29,8311,158,170817.26,1081.12,electronics,False
2023-12-30,11353,189,273897.9,1449.2,fashion,False
2023-12-31,13123,219,332512.83,1518.32,fashion,False
2024-01-01,10860,178,179426.14,1008.01,electronics,False
2024-01-02,10423,220,157038.18,713.81,electronics,False
2024-01-03,9283,124,124616.41,1004.97,home,False
2024-01-04,11068,178,218914.89,1229.86,electronics,False
2024-01-05,9691,201,245001.76,1218.91,home,False
2024-01-06,13698,161,199985.95,1242.15,electronics,False
2024-01-07,11203,200,226064.11,1130.32,fashion,False
2024-01-08,10560,182,238801.12,1312.09,grocery,False
2024-01-09,10796,158,160672.49,1016.91,grocery,False
2024-01-10,10168,185,258227.04,1395.82,fashion,False
2024-01-11,10393,160,212495.39,1328.1,electronics,False
2024-01-12,10669,165,173101.07,1049.1,home,False
2024-01-13,10892,214,278212.5,1300.06,fashion,False
2024-01-14,12117,196,210930.38,1076.18,electronics,False
2024-01-15,10253,199,279332.74,1403.68,beauty,False
2024-01-16,10167,165,162159.91,982.79,beauty,False
2024-01-17,9450,143,200774.39,1404.02,home,False
2024-01-18,11295,191,228669.6,1197.22,electronics,False
2024-01-19,10411,212,278913.45,1315.63,fashion,False
2024-01-20,12911,205,252890.84,1233.61,electronics,False
2024-01-21,12324,238,287540.32,1208.15,home,False
2024-01-22,12461,206,314864.91,1528.47,fashion,False
2024-01-23,10124,179,178416.69,996.74,electronics,False
2024-01-24,11076,230,245004.69,1065.24,grocery,False
2024-01-25,11227,210,298514.75,1421.5,grocery,False
2024-01-26,11809,216,255488.91,1182.82,fashion,False
2024-01-27,13668,246,293152.61,1191.68,grocery,False
2024-01-28,12152,249,303293.04,1218.04,electronics,False
2024-01-29,11369,241,344920.56,1431.21,home,False
2024-01-30,12228,221,333513.79,1509.11,grocery,False
2024-01-31,12421,179,207574.81,1159.64,home,False
2024-02-01,10274,204,277187.79,1358.76,fashion,False
2024-02-02,9669,192,226452.16,1179.44,beauty,False
2024-02-03,14268,198,187009.54,944.49,fashion,False
2024-02-04,12751,226,284865.75,1260.47,electronics,False
2024-02-05,11454,183,217879.46,1190.6,home,False
2024-02-06,11953,201,226858.51,1128.65,fashion,False
2024-02-07,11131,176,263068.74,1494.71,electronics,False
2024-02-08,11272,194,267854.88,1380.7,grocery,False
2024-02-09,11181,198,229430.96,1158.74,home,False
2024-02-10,10873,179,155941.31,871.18,fashion,False
2024-02-11,13551,260,307011.21,1180.81,home,False
2024-02-12,10584,188,200091.92,1064.32,fashion,False
2024-02-13,10856,154,223772.97,1453.07,beauty,False
2024-02-14,12104,203,243499.64,1199.51,beauty,False
2024-02-15,10593,188,251718.21,1338.93,fashion,False
2024-02-16,12974,242,295023.37,1219.1,electronics,False
2024-02-17,12592,214,258357.54,1207.28,fashion,False
2024-02-18,12453,240,284943.28,1187.26,home,False
2024-02-19,11596,243,267447.36,1100.61,fashion,False
2024-02-20,11995,229,180648.2,788.86,home,False
2024-02-21,12071,171,188480.4,1102.22,fashion,False
2024-02-22,11619,207,272005.8,1314.04,fashion,False
2024-02-23,12064,197,238958.73,1212.99,home,False
2024-02-24,13222,237,288443.08,1217.06,electronics,False
2024-02-25,13751,226,311921.15,1380.18,fashion,False
2024-02-26,11335,181,156646.54,865.45,home,False
2024-02-27,11942,211,260657.2,1235.34,electronics,False
2024-02-28,12316,236,303340.36,1285.34,beauty,False
2024-02-29,12223,272,360277.7,1324.55,electronics,False
2024-03-01,11050,251,316336.6,1260.31,beauty,False
2024-03-02,13265,216,283726.43,1313.55,beauty,False
2024-03-03,12684,281,379712.61,1351.29,fashion,False
2024-03-04,10360,211,262061.01,1242.0,home,False
2024-03-05,10898,196,236579.31,1207.04,grocery,False
2024-03-06,11181,219,315136.18,1438.98,grocery,False
2024-03-07,11419,182,239723.3,1317.16,beauty,False
2024-03-08,11886,254,298779.9,1176.3,beauty,False
2024-03-09,13239,289,246196.03,851.89,fashion,False
2024-03-10,13338,280,325678.79,1163.14,fashion,False
2024-03-11,11661,228,268223.28,1176.42,home,False
2024-03-12,11676,162,256932.64,1586.0,electronics,False
2024-03-13,11949,219,284950.11,1301.14,electronics,False
2024-03-14,11886,223,259071.01,1161.75,home,False
2024-03-15,13125,199,201766.89,1013.9,electronics,False
2024-03-16,12425,180,241263.32,1340.35,electronics,False
2024-03-17,14900,223,243237.86,1090.75,electronics,False
2024-03-18,11528,194,225806.53,1163.95,beauty,False
2024-03-19,11655,214,264913.45,1237.91,electronics,False
2024-03-20,12437,214,267268.87,1248.92,fashion,False
2024-03-21,10968,171,184261.77,1077.55,fashion,False
2024-03-22,10950,247,304218.2,1231.65,beauty,False
2024-03-23,13687,265,316769.41,1195.36,home,False
2024-03-24,12540,226,271824.91,1202.77,electronics,False
2024-03-25,12266,186,238597.0,1282.78,beauty,False
2024-03-26,12196,251,231891.09,923.87,home,False
2024-03-27,10970,207,254565.24,1229.78,fashion,False
2024-03-28,11258,164,173444.79,1057.59,home,False
2024-03-29,14104,265,325116.71,1226.86,fashion,False
2024-03-30,13269,247,338980.58,1372.39,electronics,False
2024-03-31,13152,243,279394.63,1149.77,fashion,False
2024-04-01,12566,208,226913.32,1090.93,grocery,False
2024-04-02,11801,181,211057.44,1166.06,beauty,False
2024-04-03,12445,247,312317.36,1264.44,electronics,False
2024-04-04,12161,219,267196.9,1220.08,fashion,False
2024-04-05,11961,222,269600.82,1214.42,electronics,False
2024-04-06,13362,202,281121.18,1391.69,fashion,False
2024-04-07,15115,274,339775.77,1240.06,electronics,False
2024-04-08,12693,239,288485.57,1207.05,fashion,False
2024-04-09,13816,235,267188.41,1136.97,fashion,False
2024-04-10,11746,195,203260.83,1042.36,electronics,False
2024-04-11,11938,218,293787.34,1347.65,grocery,False
2024-04-12,11788,244,268501.37,1100.42,electronics,False
2024-04-13,13897,276,304797.56,1104.34,electronics,False
2024-04-14,13246,268,296560.61,1106.57,grocery,False
2024-04-15,13072,204,227901.97,1117.17,electronics,False
2024-04-16,12433,307,411587.45,1340.68,grocery,False
2024-04-17,11427,189,187696.3,993.1,beauty,False
2024-04-18,11322,176,210981.46,1198.76,electronics,False
2024-04-19,11883,246,277139.68,1126.58,home,False
2024-04-20,14627,226,286880.4,1269.38,home,False
2024-04-21,14925,267,313706.92,1174.93,fashion,False
2024-04-22,11978,220,280333.53,1274.24,fashion,False
2024-04-23,12001,237,307346.96,1296.82,beauty,False
2024-04-24,13565,247,281528.88,1139.79,fashion,False
2024-04-25,12307,204,231139.13,1133.03,fashion,False
2024-04-26,11961,221,270989.29,1226.2,home,False
2024-04-27,13045,238,341489.21,1434.83,home,False
2024-04-28,13481,211,240334.5,1139.03,beauty,False
2024-04-29,10943,197,198567.01,1007.95,grocery,False
2024-04-30,12441,191,196339.64,1027.96,fashion,False
2024-05-01,11689,238,240920.04,1012.27,grocery,False
2024-05-02,12863,227,271415.11,1195.66,beauty,False
2024-05-03,12146,234,287697.89,1229.48,beauty,False
2024-05-04,14074,210,250432.35,1192.54,fashion,False
2024-05-05,13362,189,250632.24,1326.1,fashion,False
2024-05-06,11110,186,222491.65,1196.19,fashion,False
2024-05-07,10345,202,213100.62,1054.95,electronics,False
2024-05-08,11554,244,291972.73,1196.61,electronics,False
2024-05-09,11738,158,165861.61,1049.76,home,False
2024-05-10,11324,230,297504.19,1293.5,electronics,False
2024-05-11,14544,259,313116.64,1208.94,beauty,False
2024-05-12,12635,241,313834.24,1302.22,beauty,False
2024-05-13,12536,232,338811.54,1460.39,electronics,False
2024-05-14,11617,191,214035.61,1120.61,beauty,False
2024-05-15,11465,199,231117.31,1161.39,grocery,False
2024-05-16,10076,209,278173.52,1330.97,fashion,False
2024-05-17,11566,231,314576.29,1361.8,grocery,False
2024-05-18,13029,192,213904.27,1114.08,electronics,False
2024-05-19,14394,282,359297.48,1274.1,electronics,False
2024-05-20,11518,228,263631.04,1156.28,grocery,False
2024-05-21,11901,146,167262.54,1145.63,grocery,False
2024-05-22,10361,196,198574.48,1013.14,electronics,False
2024-05-23,11193,220,266535.12,1211.52,fashion,False
2024-05-24,10176,172,238229.12,1385.05,beauty,False
2024-05-25,12530,197,226895.68,1151.75,beauty,False
2024-05-26,14729,293,408679.56,1394.81,electronics,False
2024-05-27,11061,196,256739.62,1309.9,fashion,False
2024-05-28,11025,166,199431.36,1201.39,grocery,False
2024-05-29,11794,225,340482.65,1513.26,electronics,False
2024-05-30,10920,163,211352.36,1296.64,fashion,False
2024-05-31,10849,171,266847.61,1560.51,grocery,False
2024-06-01,12564,184,222662.96,1210.12,home,False
2024-06-02,13170,205,255306.04,1245.4,grocery,False
2024-06-03,10308,214,248698.6,1162.14,home,False
2024-06-04,11358,224,263758.13,1177.49,home,False
2024-06-05,10950,159,151596.78,953.44,fashion,False
2024-06-06,10307,165,238639.88,1446.3,home,False
2024-06-07,11595,172,188778.8,1097.55,fashion,False
2024-06-08,11089,173,243521.88,1407.64,beauty,False
2024-06-09,12850,175,220292.22,1258.81,grocery,False
2024-06-10,10088,188,197721.73,1051.71,beauty,False
2024-06-11,9775,139,175074.09,1259.53,electronics,False
2024-06-12,11066,171,189774.92,1109.79,home,False
2024-06-13,10849,248,294804.64,1188.73,home,False
2024-06-14,10658,207,204849.11,989.61,beauty,False
2024-06-15,13714,227,297984.35,1312.71,fashion,False
2024-06-16,11796,216,232134.76,1074.7,home,False
2024-06-17,12176,248,270261.33,1089.76,electronics,False
2024-06-18,10462,196,218809.74,1116.38,home,False
2024-06-19,9297,161,193149.68,1199.69,fashion,False
2024-06-20,11701,200,257069.49,1285.35,fashion,False
2024-06-21,11628,195,213194.52,1093.31,home,False
2024-06-22,12049,192,265756.87,1384.15,grocery,False
2024-06-23,10682,199,296904.3,1491.98,electronics,False
2024-06-24,10669,183,224248.95,1225.4,electronics,False
2024-06-25,9058,188,216948.79,1153.98,beauty,False
2024-06-26,9280,162,250759.71,1547.9,electronics,False
2024-06-27,10435,167,209460.0,1254.25,fashion,False
2024-06-28,9457,128,118344.86,924.57,fashion,False
2024-06-29,12026,264,271994.46,1030.28,fashion,False
2024-06-30,11594,199,246781.66,1240.11,beauty,False
2024-07-01,10240,185,215441.16,1164.55,home,False
2024-07-02,9970,163,194988.09,1196.25,home,False
2024-07-03,10568,186,237978.44,1279.45,electronics,False
2024-07-04,9391,163,196985.09,1208.5,grocery,False
2024-07-05,10268,156,172071.21,1103.02,electronics,False
2024-07-06,10169,204,238268.65,1167.98,electronics,False
2024-07-07,12614,209,237917.31,1138.36,electronics,False
2024-07-08,9431,168,212610.84,1265.54,fashion,False
2024-07-09,10660,216,333353.3,1543.3,grocery,False
2024-07-10,8580,154,197307.79,1281.22,beauty,False
2024-07-11,10247,202,237118.29,1173.85,fashion,False
2024-07-12,9169,188,225168.26,1197.7,electronics,False
2024-07-13,11541,175,264089.66,1509.08,fashion,False
2024-07-14,10561,176,250038.9,1420.68,grocery,False
2024-07-15,9338,200,206375.33,1031.88,beauty,False
2024-07-16,11198,165,198792.1,1204.8,electronics,False
2024-07-17,8836,148,215831.26,1458.32,electronics,False
2024-07-18,9114,169,168650.35,997.93,fashion,False
2024-07-19,8596,169,232150.61,1373.67,electronics,False
2024-07-20,11832,241,325207.12,1349.41,home,False
2024-07-21,10008,146,164196.07,1124.63,beauty,False
2024-07-22,9641,190,209659.73,1103.47,grocery,False
2024-07-23,9986,186,273399.68,1469.89,fashion,False
2024-07-24,8376,120,140017.43,1166.81,grocery,False
2024-07-25,8959,130,173803.5,1336.95,fashion,False
2024-07-26,9542,178,224271.67,1259.95,beauty,False
2024-07-27,9886,185,180598.77,976.21,home,False
2024-07-28,10971,154,179971.56,1168.65,beauty,False
2024-07-29,8377,154,152448.27,989.92,beauty,False
2024-07-30,8920,158,186733.53,1181.86,fashion,False
2024-07-31,9333,163,175542.59,1076.95,beauty,False
2024-08-01,9147,186,180634.19,971.15,beauty,False
2024-08-02,9948,185,198807.6,1074.64,electronics,False
2024-08-03,11664,264,357352.88,1353.61,fashion,False
2024-08-04,10757,195,272387.95,1396.86,fashion,False
2024-08-05,9409,201,219587.81,1092.48,electronics,False
2024-08-06,7331,115,114445.78,995.18,fashion,False
2024-08-07,9773,181,207094.59,1144.17,home,False
2024-08-08,9640,155,194105.98,1252.3,electronics,False
2024-08-09,8855,119,134481.25,1130.09,grocery,False
2024-08-10,8556,155,195341.18,1260.27,fashion,False
2024-08-11,9967,213,236359.32,1109.67,home,False
2024-08-12,9038,170,189377.34,1113.98,fashion,False
2024-08-13,7936,101,135040.81,1337.04,fashion,False
2024-08-14,7970,119,142549.75,1197.9,electronics,False
2024-08-15,6649,125,151256.08,1210.05,grocery,False
2024-08-16,8977,152,168628.52,1109.4,grocery,False
2024-08-17,10552,157,199384.43,1269.96,home,False
2024-08-18,9762,160,184433.64,1152.71,fashion,False
2024-08-19,8655,193,244014.24,1264.32,electronics,False
2024-08-20,9026,161,236947.84,1471.73,fashion,False
2024-08-21,8799,182,235302.91,1292.87,electronics,False
2024-08-22,10074,227,274341.3,1208.55,beauty,False
2024-08-23,7890,128,155955.27,1218.4,electronics,False
2024-08-24,11138,185,236191.78,1276.71,beauty,False
2024-08-25,10433,195,242738.52,1244.81,beauty,False
2024-08-26,7745,193,215152.28,1114.78,home,False
2024-08-27,9063,158,178998.47,1132.9,grocery,False
2024-08-28,9334,138,168036.83,1217.66,grocery,False
2024-08-29,8023,124,131034.72,1056.73,fashion,False
2024-08-30,8612,140,172277.11,1230.55,fashion,False
2024-08-31,8516,179,246681.32,1378.11,beauty,False
2024-09-01,11857,198,255314.34,1289.47,fashion,False
2024-09-02,9277,173,241257.01,1394.55,fashion,False
2024-09-03,8190,167,179360.98,1074.02,electronics,False
2024-09-04,7879,128,176969.44,1382.57,fashion,False
2024-09-05,9395,194,268451.35,1383.77,electronics,False
2024-09-06,7221,138,171464.06,1242.49,electronics,False
2024-09-07,9135,167,219877.16,1316.63,electronics,False
2024-09-08,9831,168,218548.86,1300.89,electronics,False
2024-09-09,9646,156,133918.41,858.45,fashion,False
2024-09-10,7686,128,163451.63,1276.97,beauty,False
2024-09-11,7895,147,164785.04,1120.99,electronics,False
2024-09-12,8386,179,214278.58,1197.09,fashion,False
2024-09-13,7840,111,146174.25,1316.89,electronics,False
2024-09-14,10157,239,283055.5,1184.33,beauty,False
2024-09-15,9118,184,207907.95,1129.93,beauty,False
2024-09-16,7313,120,161553.56,1346.28,grocery,False
2024-09-17,8448,172,275738.39,1603.13,fashion,False
2024-09-18,8449,196,282600.98,1441.84,home,False
2024-09-19,9086,161,212106.32,1317.43,fashion,False
2024-09-20,9764,151,164383.04,1088.63,fashion,False
2024-09-21,8010,134,119236.12,889.82,fashion,False
2024-09-22,9295,140,161506.61,1153.62,beauty,False
2024-09-23,7411,131,210861.54,1609.63,fashion,False
2024-09-24,8180,131,178343.54,1361.4,fashion,False
2024-09-25,8023,143,157595.36,1102.07,fashion,False
2024-09-26,8217,134,151090.47,1127.54,fashion,False
2024-09-27,8119,139,153981.99,1107.78,fashion,False
2024-09-28,7220,115,135735.82,1180.31,electronics,False
2024-09-29,9270,176,206756.66,1174.75,electronics,False
2024-09-30,8566,154,158379.92,1028.44,electronics,False
2024-10-01,8087,123,135689.24,1103.16,electronics,False
2024-10-02,8129,126,169522.74,1345.42,home,False
2024-10-03,8344,183,199136.75,1088.18,beauty,False
2024-10-04,9119,131,172792.05,1319.02,fashion,False
2024-10-05,7600,149,196223.32,1316.94,electronics,False
2024-10-06,8196,164,229033.6,1396.55,fashion,False
2024-10-07,9132,157,171591.1,1092.94,home,False
2024-10-08,7032,112,126439.5,1128.92,home,False
2024-10-09,8013,143,180378.59,1261.39,fashion,False
2024-10-10,7824,155,202204.19,1304.54,home,False
2024-10-11,7770,116,113338.78,977.06,electronics,False
2024-10-12,10844,254,274785.44,1081.83,electronics,False
2024-10-13,8688,159,170168.81,1070.24,fashion,False
2024-10-14,7201,136,111582.13,820.46,grocery,False
2024-10-15,7839,152,202907.8,1334.92,electronics,False
2024-10-16,7705,143,177042.72,1238.06,home,False
2024-10-17,8461,152,188786.77,1242.02,grocery,False
2024-10-18,8399,149,139172.72,934.05,fashion,False
2024-10-19,10485,205,223697.98,1091.21,fashion,False
2024-10-20,15688,575,942393.47,1638.95,home,True
2024-10-21,14502,486,745444.19,1533.84,home,True
2024-10-22,13870,440,781268.92,1775.61,home,True
2024-10-23,12528,362,469101.16,1295.86,grocery,True
2024-10-24,14294,507,846554.76,1669.73,beauty,True
2024-10-25,13636,399,653779.41,1638.54,home,True
2024-10-26,14313,406,554378.7,1365.46,fashion,True
2024-10-27,9546,197,222710.4,1130.51,home,False
2024-10-28,8056,155,207798.51,1340.64,fashion,False
2024-10-29,7449,116,136504.31,1176.76,grocery,False
2024-10-30,8825,148,133114.26,899.42,grocery,False
2024-10-31,6960,128,153752.91,1201.19,fashion,False
2024-11-01,9103,182,252223.24,1385.84,electronics,False
2024-11-02,10341,202,207384.55,1026.66,beauty,False
2024-11-03,9647,181,169169.59,934.64,home,False
2024-11-04,7856,136,145687.62,1071.23,electronics,False
2024-11-05,9277,155,166952.25,1077.11,beauty,False
2024-11-06,8269,187,222561.39,1190.17,fashion,False
2024-11-07,10003,204,273142.19,1338.93,beauty,False
2024-11-08,8592,147,180882.83,1230.5,home,False
2024-11-09,9467,196,221964.44,1132.47,fashion,False
2024-11-10,8429,153,211946.05,1385.27,grocery,False
2024-11-11,8249,156,160551.31,1029.18,electronics,False
2024-11-12,9305,206,286584.89,1391.19,fashion,False
2024-11-13,9200,138,199603.33,1446.4,grocery,False
2024-11-14,7873,119,111672.31,938.42,beauty,False
2024-11-15,8696,161,169186.46,1050.85,home,False
2024-11-16,9847,172,258462.03,1502.69,fashion,False
2024-11-17,10147,193,252391.48,1307.73,electronics,False
2024-11-18,8486,166,223623.25,1347.13,home,False
2024-11-19,8108,119,116604.67,979.87,home,False
2024-11-20,9265,187,213297.0,1140.63,electronics,False
2024-11-21,8612,134,127771.9,953.52,grocery,False
2024-11-22,9212,160,176108.86,1100.68,electronics,False
2024-11-23,9581,217,278552.84,1283.65,beauty,False
2024-11-24,8968,172,222873.76,1295.78,fashion,False
2024-11-25,13883,460,660618.11,1436.13,electronics,True
2024-11-26,16905,543,855489.82,1575.49,fashion,True
2024-11-27,14564,477,790536.91,1657.31,electronics,True
2024-11-28,13982,449,706093.5,1572.59,fashion,True
2024-11-29,14796,562,711269.4,1265.6,beauty,True
2024-11-30,15797,470,628596.98,1337.44,electronics,True
2024-12-01,11479,262,328375.6,1253.34,electronics,False
2024-12-02,9567,162,177495.19,1095.65,beauty,False
2024-12-03,8236,155,192181.67,1239.88,fashion,False
2024-12-04,8497,160,159741.25,998.38,beauty,False
2024-12-05,7883,119,160784.12,1351.13,home,False
2024-12-06,10299,164,159253.73,971.06,electronics,False
2024-12-07,10642,185,241045.34,1302.95,home,False
2024-12-08,9908,188,265391.64,1411.66,fashion,False
2024-12-09,8968,115,137791.47,1198.19,fashion,False
2024-12-10,9031,171,205485.78,1201.67,fashion,False
2024-12-11,9925,183,230697.89,1260.64,beauty,False
2024-12-12,8628,180,200532.45,1114.07,electronics,False
2024-12-13,8089,142,160022.03,1126.92,home,False
2024-12-14,10200,168,232277.81,1382.61,beauty,False
2024-12-15,11666,165,181230.27,1098.37,beauty,False
2024-12-16,9154,164,232709.4,1418.96,home,False
2024-12-17,8180,143,154262.7,1078.76,beauty,False
2024-12-18,10044,177,170226.27,961.73,beauty,False
2024-12-19,10257,184,227705.53,1237.53,fashion,False
2024-12-20,16835,592,1045996.92,1766.89,grocery,True
2024-12-21,18133,544,887650.37,1631.71,beauty,True
2024-12-22,17906,600,930752.31,1551.25,beauty,True
2024-12-23,15238,497,595426.56,1198.04,beauty,True
2024-12-24,15916,591,869388.74,1471.05,beauty,True
2024-12-25,12968,442,601805.06,1361.55,fashion,True
2024-12-26,16260,564,1038116.84,1840.63,beauty,True
2024-12-27,15361,527,651517.26,1236.28,home,True
2024-12-28,12540,218,238590.5,1094.45,fashion,False
2024-12-29,12317,187,259064.52,1385.37,grocery,False
2024-12-30,11109,247,352728.57,1428.05,electronics,False
2024-12-31,9638,148,156351.25,1056.43,electronics,False
2025-01-01,8971,160,176573.82,1103.59,fashion,False
2025-01-02,11430,167,184116.9,1102.5,fashion,False
2025-01-03,10861,194,230373.52,1187.49,electronics,False
2025-01-04,11828,274,383892.95,1401.07,electronics,False
2025-01-05,12791,275,357043.56,1298.34,grocery,False
2025-01-06,8976,165,206429.58,1251.09,beauty,False
2025-01-07,9548,189,217526.2,1150.93,grocery,False
2025-01-08,8975,172,197780.81,1149.89,grocery,False
2025-01-09,9617,181,262743.12,1451.62,electronics,False
2025-01-10,9948,186,261742.57,1407.22,beauty,False
2025-01-11,12262,228,249707.71,1095.21,electronics,False
2025-01-12,11169,180,196674.48,1092.64,grocery,False
2025-01-13,10770,221,312174.23,1412.55,beauty,False
2025-01-14,11022,173,208584.49,1205.69,home,False
2025-01-15,9136,162,221299.24,1366.04,fashion,False
2025-01-16,11056,160,208630.05,1303.94,fashion,False
2025-01-17,11007,183,206450.05,1128.14,electronics,False
2025-01-18,10569,180,164168.82,912.05,grocery,False
2025-01-19,12470,215,235449.57,1095.11,electronics,False
2025-01-20,10281,198,247699.52,1251.01,fashion,False
2025-01-21,10787,170,230748.73,1357.35,beauty,False
2025-01-22,10366,199,231189.57,1161.76,grocery,False
2025-01-23,11623,173,218438.63,1262.65,beauty,False
2025-01-24,11480,218,281444.01,1291.03,electronics,False
2025-01-25,11550,204,248230.41,1216.82,electronics,False
2025-01-26,14100,231,233592.8,1011.22,home,False
2025-01-27,9762,179,195011.92,1089.45,grocery,False
2025-01-28,10368,213,322325.75,1513.27,home,False
2025-01-29,11826,230,311025.37,1352.28,home,False
2025-01-30,10794,193,234080.64,1212.85,fashion,False
2025-01-31,11364,184,217154.4,1180.19,home,False
2025-02-01,12866,225,268305.59,1192.47,fashion,False
2025-02-02,14602,264,366082.12,1386.67,beauty,False
2025-02-03,11210,193,267022.32,1383.54,fashion,False
2025-02-04,11400,218,255564.08,1172.31,beauty,False
2025-02-05,10603,169,204270.88,1208.7,fashion,False
2025-02-06,11586,195,228326.98,1170.91,beauty,False
2025-02-07,10686,152,196529.42,1292.96,fashion,False
2025-02-08,12758,213,296796.23,1393.41,electronics,False
2025-02-09,13851,290,298510.67,1029.35,beauty,False
2025-02-10,11512,222,312906.68,1409.49,beauty,False
2025-02-11,11654,199,280902.21,1411.57,home,False
2025-02-12,10772,190,238146.07,1253.4,beauty,False
2025-02-13,11548,271,368758.23,1360.73,fashion,False
2025-02-14,10608,210,228120.31,1086.29,fashion,False
2025-02-15,12503,231,308463.9,1335.34,home,False
2025-02-16,14226,236,286680.18,1214.75,home,False
2025-02-17,11428,169,180109.98,1065.74,electronics,False
2025-02-18,10273,203,214690.03,1057.59,fashion,False
2025-02-19,12664,219,211396.23,965.28,fashion,False
2025-02-20,12075,223,243941.04,1093.91,electronics,False
2025-02-21,11660,237,306173.27,1291.87,fashion,False
2025-02-22,14435,259,264129.36,1019.8,electronics,False
2025-02-23,13979,262,366627.08,1399.34,beauty,False
2025-02-24,12480,278,401735.64,1445.09,grocery,False
2025-02-25,13046,210,301247.52,1434.51,electronics,False
2025-02-26,12225,187,183143.92,979.38,grocery,False
2025-02-27,11794,252,335861.75,1332.78,fashion,False
2025-02-28,12651,246,295250.91,1200.21,home,False
2025-03-01,12300,254,355910.23,1401.22,home,False
2025-03-02,12385,216,290064.19,1342.89,electronics,False
2025-03-03,12130,267,354601.74,1328.1,electronics,False
2025-03-04,10444,169,158714.69,939.14,electronics,False
2025-03-05,12674,212,240037.23,1132.25,grocery,False
2025-03-06,12064,221,259681.55,1175.03,beauty,False
2025-03-07,11983,272,300631.63,1105.26,beauty,False
2025-03-08,13434,203,254046.39,1251.46,grocery,False
2025-03-09,13901,241,262211.19,1088.01,electronics,False
2025-03-10,10471,183,172874.25,944.67,beauty,False
2025-03-11,11497,185,193083.27,1043.69,fashion,False
2025-03-12,12975,201,229760.95,1143.09,fashion,False
2025-03-13,12156,216,231710.91,1072.74,beauty,False
2025-03-14,12091,208,205096.98,986.04,fashion,False
2025-03-15,14417,246,264460.23,1075.04,electronics,False
2025-03-16,12618,163,223215.63,1369.42,grocery,False
2025-03-17,12476,256,233177.37,910.85,electronics,False
2025-03-18,13302,245,278401.51,1136.33,grocery,False
2025-03-19,12776,185,196346.07,1061.33,electronics,False
2025-03-20,12165,199,201986.93,1015.01,home,False
2025-03-21,12491,250,256208.27,1024.83,electronics,False
2025-03-22,12928,199,250154.39,1257.06,grocery,False
2025-03-23,13595,208,256480.89,1233.08,fashion,False
2025-03-24,12072,186,204161.29,1097.64,grocery,False
2025-03-25,11442,164,174987.65,1067.0,beauty,False
2025-03-26,13071,246,268833.22,1092.82,fashion,False
2025-03-27,11782,177,194670.45,1099.83,fashion,False
2025-03-28,13267,226,336938.63,1490.88,grocery,False
2025-03-29,12507,220,309815.15,1408.25,electronics,False
2025-03-30,13246,214,257483.1,1203.19,home,False
2025-03-31,12708,187,272777.74,1458.7,electronics,False
2025-04-01,10757,171,211591.43,1237.38,fashion,False
2025-04-02,11285,199,205067.43,1030.49,beauty,False
2025-04-03,12259,201,263597.21,1311.43,fashion,False
2025-04-04,12088,233,324890.72,1394.38,grocery,False
2025-04-05,14259,256,262185.2,1024.16,beauty,False
2025-04-06,14846,224,300898.1,1343.3,electronics,False
2025-04-07,12783,255,264371.78,1036.75,electronics,False
2025-04-08,10963,155,176875.05,1141.13,grocery,False
2025-04-09,11607,182,188495.56,1035.69,grocery,False
2025-04-10,12216,219,164541.18,751.33,home,False
2025-04-11,12631,247,317373.49,1284.91,electronics,False
2025-04-12,14403,224,327511.4,1462.1,grocery,False
2025-04-13,13504,237,266544.12,1124.66,fashion,False
2025-04-14,11557,220,255457.8,1161.17,home,False
2025-04-15,11894,168,171132.33,1018.64,electronics,False
2025-04-16,11745,226,274785.05,1215.86,home,False
2025-04-17,13454,288,365762.14,1270.01,electronics,False
2025-04-18,12322,173,270183.01,1561.75,electronics,False
2025-04-19,13829,221,279233.79,1263.5,electronics,False
2025-04-20,15595,272,275736.17,1013.74,beauty,False
2025-04-21,11832,237,289003.74,1219.43,fashion,False
2025-04-22,11632,217,216930.07,999.68,fashion,False
2025-04-23,12205,241,330901.32,1373.03,fashion,False
2025-04-24,11433,184,142632.51,775.18,fashion,False
2025-04-25,12222,235,296479.37,1261.61,electronics,False
2025-04-26,13421,269,340925.98,1267.38,fashion,False
2025-04-27,12521,222,261911.13,1179.78,electronics,False
2025-04-28,11226,192,234920.82,1223.55,fashion,False
2025-04-29,10027,219,247517.63,1130.22,fashion,False
2025-04-30,11528,220,235726.52,1071.48,fashion,False
2025-05-01,11441,207,211144.36,1020.02,grocery,False
2025-05-02,11492,174,217193.58,1248.24,grocery,False
2025-05-03,13789,211,296573.47,1405.56,fashion,False
2025-05-04,14759,244,352525.96,1444.78,beauty,False
2025-05-05,11432,222,258670.09,1165.18,fashion,False
2025-05-06,12584,234,291680.96,1246.5,home,False
2025-05-07,12171,188,268115.27,1426.15,fashion,False
2025-05-08,11059,188,242055.95,1287.53,beauty,False
2025-05-09,11651,181,229241.07,1266.53,electronics,False
2025-05-10,12246,245,225284.25,919.53,electronics,False
2025-05-11,14657,273,293182.72,1073.93,electronics,False
2025-05-12,11347,229,331663.23,1448.31,electronics,False
2025-05-13,11206,206,249779.57,1212.52,fashion,False
2025-05-14,11066,180,204889.69,1138.28,fashion,False
2025-05-15,11536,187,175766.17,939.93,beauty,False
2025-05-16,11708,222,257487.55,1159.85,electronics,False
2025-05-17,14235,252,326428.01,1295.35,grocery,False
2025-05-18,12589,213,226952.28,1065.5,electronics,False
2025-05-19,11903,185,168382.36,910.17,fashion,False
2025-05-20,10795,170,206789.92,1216.41,beauty,False
2025-05-21,11172,199,289488.07,1454.71,electronics,False
2025-05-22,10592,175,199080.87,1137.6,home,False
2025-05-23,11676,224,253036.85,1129.63,electronics,False
2025-05-24,11601,244,311671.99,1277.34,beauty,False
2025-05-25,14172,231,298171.0,1290.78,home,False
2025-05-26,12067,210,274438.15,1306.85,fashion,False
2025-05-27,9678,161,215612.29,1339.21,home,False
2025-05-28,11553,202,221887.05,1098.45,electronics,False
2025-05-29,10727,219,206283.36,941.93,fashion,False
2025-05-30,12523,192,251178.6,1308.22,home,False
2025-05-31,11942,230,313014.59,1360.93,electronics,False
2025-06-01,12951,206,285813.22,1387.44,fashion,False
2025-06-02,10719,189,228951.12,1211.38,fashion,False
2025-06-03,10724,161,197775.94,1228.42,grocery,False
2025-06-04,12209,288,354080.35,1229.45,fashion,False
2025-06-05,10242,168,221052.39,1315.79,fashion,False
2025-06-06,12371,220,285537.33,1297.9,home,False
2025-06-07,11394,191,230517.98,1206.9,home,False
2025-06-08,10592,208,225882.09,1085.97,fashion,False
2025-06-09,10985,222,290413.81,1308.17,beauty,False
2025-06-10,9685,147,189815.39,1291.26,electronics,False
2025-06-11,12904,191,254310.45,1331.47,electronics,False
2025-06-12,10432,174,207977.53,1195.27,home,False
2025-06-13,10846,228,285160.4,1250.7,fashion,False
2025-06-14,13291,280,297489.04,1062.46,home,False
2025-06-15,12444,252,342519.82,1359.21,home,False
2025-06-16,10159,151,239063.65,1583.2,home,False
2025-06-17,9980,199,211813.56,1064.39,home,False
2025-06-18,12037,218,288947.95,1325.45,beauty,False
2025-06-19,10618,222,285516.57,1286.11,fashion,False
2025-06-20,10872,188,215048.12,1143.87,beauty,False
2025-06-21,11770,171,236749.51,1384.5,beauty,False
2025-06-22,9798,144,170898.24,1186.79,electronics,False
2025-06-23,10562,181,159404.87,880.69,grocery,False
2025-06-24,8605,155,181040.08,1168.0,fashion,False
2025-06-25,10991,163,243357.19,1492.99,beauty,False
2025-06-26,10327,237,371304.92,1566.69,home,False
2025-06-27,9720,138,144402.61,1046.4,electronics,False
2025-06-28,10865,197,265828.02,1349.38,home,False
2025-06-29,11833,261,291121.46,1115.41,home,False
2025-06-30,9888,201,234516.09,1166.75,home,False
2025-07-01,9097,182,259052.79,1423.37,fashion,False
2025-07-02,10858,192,227480.31,1184.79,home,False
2025-07-03,9554,168,204779.68,1218.93,beauty,False
2025-07-04,9442,179,180843.17,1010.3,electronics,False
2025-07-05,12768,262,322566.64,1231.17,fashion,False
2025-07-06,11620,230,319786.46,1390.38,home,False
2025-07-07,9981,181,253750.03,1401.93,home,False
2025-07-08,8701,171,241120.25,1410.06,home,False
2025-07-09,10185,189,194452.41,1028.85,electronics,False
2025-07-10,9294,170,211297.97,1242.93,fashion,False
2025-07-11,7675,148,169246.12,1143.55,electronics,False
2025-07-12,11202,186,238460.21,1282.04,electronics,False
2025-07-13,11110,179,178908.92,999.49,grocery,False
2025-07-14,9182,179,170830.31,954.36,fashion,False
2025-07-15,9635,195,172409.83,884.15,home,False
2025-07-16,8615,194,236012.34,1216.56,beauty,False
2025-07-17,9878,166,159419.78,960.36,electronics,False
2025-07-18,9936,209,222663.64,1065.38,beauty,False
2025-07-19,9609,172,207720.91,1207.68,fashion,False
2025-07-20,10229,198,273270.14,1380.15,beauty,False
2025-07-21,9567,160,202185.45,1263.66,fashion,False
2025-07-22,9434,158,165874.83,1049.84,electronics,False
2025-07-23,9049,140,143348.52,1023.92,fashion,False
2025-07-24,10158,164,260019.71,1585.49,home,False
2025-07-25,8126,150,161720.95,1078.14,beauty,False
2025-07-26,9066,161,209065.27,1298.54,home,False
2025-07-27,11283,178,212643.46,1194.63,home,False
2025-07-28,7641,129,174032.54,1349.09,electronics,False
2025-07-29,8361,157,191298.49,1218.46,electronics,False
2025-07-30,9739,219,261547.1,1194.28,electronics,False
2025-07-31,9067,187,254534.62,1361.15,beauty,False
2025-08-01,10244,199,221720.01,1114.17,electronics,False
2025-08-02,9585,164,170570.62,1040.06,fashion,False
2025-08-03,9611,175,170909.91,976.63,fashion,False
2025-08-04,8984,169,192755.58,1140.57,home,False
2025-08-05,8794,181,230223.3,1271.95,grocery,False
2025-08-06,9011,162,218873.34,1351.07,electronics,False
2025-08-07,8603,167,200404.68,1200.03,home,False
2025-08-08,9717,201,217354.38,1081.37,grocery,False
2025-08-09,10599,186,244407.3,1314.02,grocery,False
2025-08-10,11023,194,224531.09,1157.38,home,False
2025-08-11,8166,117,125775.67,1075.01,beauty,False
2025-08-12,8179,156,204613.95,1311.63,grocery,False
2025-08-13,7457,109,126025.66,1156.2,fashion,False
2025-08-14,8275,145,178627.09,1231.91,grocery,False
2025-08-15,8161,142,217700.56,1533.1,home,False
2025-08-16,9884,153,166890.63,1090.79,fashion,False
2025-08-17,10956,204,257098.72,1260.29,beauty,False
2025-08-18,7963,142,187869.37,1323.02,electronics,False
2025-08-19,8354,194,242661.75,1250.83,home,False
2025-08-20,8227,163,174804.41,1072.42,fashion,False
2025-08-21,8775,156,198269.39,1270.96,home,False
2025-08-22,9200,174,200576.24,1152.74,fashion,False
2025-08-23,9758,157,211868.16,1349.48,fashion,False
2025-08-24,8996,175,211035.49,1205.92,fashion,False
2025-08-25,6209,141,145136.84,1029.34,grocery,False
2025-08-26,8386,153,181159.57,1184.05,beauty,False
2025-08-27,8755,134,127527.09,951.69,beauty,False
2025-08-28,8099,110,134393.55,1221.76,fashion,False
2025-08-29,7182,105,133541.4,1271.82,electronics,False
2025-08-30,10160,204,249942.63,1225.21,home,False
2025-08-31,8378,128,151555.43,1184.03,beauty,False
2025-09-01,7893,122,110368.71,904.66,grocery,False
2025-09-02,8070,198,244973.74,1237.24,grocery,False
2025-09-03,6923,104,145134.72,1395.53,electronics,False
2025-09-04,7788,167,173752.07,1040.43,electronics,False
2025-09-05,7561,116,147404.84,1270.73,grocery,False
2025-09-06,9390,197,205185.51,1041.55,fashion,False
2025-09-07,8415,149,166495.16,1117.42,electronics,False
2025-09-08,8539,163,190638.67,1169.56,grocery,False
2025-09-09,8314,171,196848.08,1151.16,grocery,False
2025-09-10,7614,125,167488.94,1339.91,electronics,False
2025-09-11,6327,103,131535.34,1277.04,beauty,False
2025-09-12,8735,172,200707.42,1166.9,fashion,False
2025-09-13,8622,146,172490.34,1181.44,grocery,False
2025-09-14,9665,144,201199.24,1397.22,fashion,False
2025-09-15,7620,106,134952.21,1273.13,grocery,False
2025-09-16,8287,170,172140.42,1012.59,home,False
2025-09-17,7169,125,142545.79,1140.37,electronics,False
2025-09-18,7422,113,127338.75,1126.89,fashion,False
2025-09-19,8467,128,163078.17,1274.05,fashion,False
2025-09-20,8217,154,170843.73,1109.37,electronics,False
2025-09-21,7959,120,129791.91,1081.6,electronics,False
2025-09-22,7173,120,155929.06,1299.41,home,False
2025-09-23,7372,149,201063.24,1349.42,electronics,False
2025-09-24,7816,147,184806.44,1257.19,beauty,False
2025-09-25,7901,153,189176.96,1236.45,fashion,False
2025-09-26,8601,113,140640.84,1244.61,fashion,False
2025-09-27,9110,100,117568.14,1175.68,beauty,False
2025-09-28,8704,171,235816.99,1379.05,grocery,False
2025-09-29,7556,171,223425.58,1306.58,fashion,False
2025-09-30,7556,145,180461.57,1244.56,electronics,False
2025-10-01,9297,200,214651.76,1073.26,grocery,False
2025-10-02,7293,73,76498.83,1047.93,fashion,False
2025-10-03,8679,150,172431.29,1149.54,grocery,False
2025-10-04,9895,166,211000.96,1271.09,home,False
2025-10-05,8542,196,257568.89,1314.13,fashion,False
2025-10-06,7551,158,213489.69,1351.2,home,False
2025-10-07,7571,141,118645.06,841.45,grocery,False
2025-10-08,8093,157,159947.39,1018.77,beauty,False
2025-10-09,7818,177,227546.97,1285.58,electronics,False
2025-10-10,8529,117,146248.36,1249.99,home,False
2025-10-11,9390,156,195696.91,1254.47,home,False
2025-10-12,8184,153,185366.76,1211.55,home,False
2025-10-13,8143,161,167850.82,1042.55,fashion,False
2025-10-14,6921,134,158249.7,1180.97,home,False
2025-10-15,7399,120,135517.25,1129.31,grocery,False
2025-10-16,8072,154,184112.97,1195.54,fashion,False
2025-10-17,7640,179,224483.4,1254.1,grocery,False
2025-10-18,11500,212,230218.7,1085.94,electronics,False
2025-10-19,9195,152,196839.85,1295.0,beauty,False
2025-10-20,8203,139,191351.81,1376.63,fashion,False
2025-10-21,7950,138,163776.51,1186.79,home,False
2025-10-22,7144,109,134354.76,1232.61,grocery,False
2025-10-23,7883,163,215212.04,1320.32,fashion,False
2025-10-24,9454,171,227608.57,1331.04,home,False
2025-10-25,9369,132,164333.02,1244.95,home,False
2025-10-26,8547,133,186932.37,1405.51,electronics,False
2025-10-27,6894,148,181925.5,1229.23,home,False
2025-10-28,7815,184,209866.37,1140.58,electronics,False
2025-10-29,7617,130,161796.26,1244.59,electronics,False
2025-10-30,8117,166,196884.73,1186.05,fashion,False
2025-10-31,8068,129,148886.27,1154.16,fashion,False
2025-11-01,9189,157,190272.34,1211.93,electronics,False
2025-11-02,9604,184,223002.52,1211.97,electronics,False
2025-11-03,8452,151,160558.26,1063.3,beauty,False
2025-11-04,7362,140,155612.21,1111.52,fashion,False
2025-11-05,7572,141,194837.16,1381.82,fashion,False
2025-11-06,7982,136,167929.58,1234.78,fashion,False
2025-11-07,7529,164,193226.82,1178.21,fashion,False
2025-11-08,9385,174,181661.05,1044.03,home,False
2025-11-09,11253,224,273374.23,1220.42,electronics,False
2025-11-10,6364,122,169675.63,1390.78,grocery,False
2025-11-11,8536,87,121861.23,1400.7,grocery,False
2025-11-12,8801,125,100673.81,805.39,home,False
2025-11-13,7916,152,176704.33,1162.53,beauty,False
2025-11-14,8807,173,209784.17,1212.63,fashion,False
2025-11-15,10916,202,230493.86,1141.06,beauty,False
2025-11-16,9227,136,159923.13,1175.91,grocery,False
2025-11-17,7562,154,162343.28,1054.18,electronics,False
